{"cameraMode":{"drawMode":0,"name":"Shaded","section":"Shading Mode"},"sceneLighting":true,"audioPlay":false,"sceneViewState":{"showFog":true,"showMaterialUpdate":false,"showSkybox":true,"showFlares":true,"showImageEffects":true,"showParticleSystems":true},"in2DMode":false,"pivot":{"x":62.43443298339844,"y":9.906843185424805,"z":-67.05374908447266},"rotation":{"x":-0.222137913107872,"y":-0.22970539331436158,"z":0.05092122033238411,"w":-0.9466353058815002},"size":19.5712947845459,"orthographic":false}