{"cameraMode":{"drawMode":0,"name":"Shaded","section":"Shading Mode"},"sceneLighting":true,"audioPlay":false,"sceneViewState":{"showFog":true,"showMaterialUpdate":false,"showSkybox":false,"showFlares":true,"showImageEffects":true,"showParticleSystems":true},"in2DMode":false,"pivot":{"x":2.3736534118652345,"y":16.83405876159668,"z":-0.9500284194946289},"rotation":{"x":-0.2288689911365509,"y":-0.6680331230163574,"z":0.22788096964359284,"w":-0.6706389784812927},"size":312.76080322265627,"orthographic":false}