{"cameraMode":{"drawMode":0,"name":"Shaded","section":"Shading Mode"},"sceneLighting":true,"audioPlay":false,"sceneViewState":{"showFog":true,"showMaterialUpdate":false,"showSkybox":false,"showFlares":true,"showImageEffects":true,"showParticleSystems":true},"in2DMode":false,"pivot":{"x":0.1100015640258789,"y":16.86000633239746,"z":-0.9300222396850586},"rotation":{"x":0.4906638562679291,"y":0.30636361241340639,"z":-0.18947482109069825,"w":0.793518602848053},"size":42.91700744628906,"orthographic":false}