{"cameraMode":{"drawMode":0,"name":"Shaded","section":"Shading Mode"},"sceneLighting":true,"audioPlay":false,"sceneViewState":{"showFog":true,"showMaterialUpdate":false,"showSkybox":false,"showFlares":true,"showImageEffects":true,"showParticleSystems":true},"in2DMode":false,"pivot":{"x":4.53782844543457,"y":16.835018157958986,"z":-4.537853240966797},"rotation":{"x":0.12507787346839906,"y":0.8747531175613403,"z":-0.32364621758461,"w":0.3385382294654846},"size":150.6357879638672,"orthographic":false}