{"cameraMode":{"drawMode":0,"name":"Shaded","section":"Shading Mode"},"sceneLighting":true,"audioPlay":false,"sceneViewState":{"showFog":true,"showMaterialUpdate":true,"showSkybox":true,"showFlares":true,"showImageEffects":true,"showParticleSystems":true},"in2DMode":false,"pivot":{"x":-551.9916381835938,"y":71.16973876953125,"z":789.1633911132813},"rotation":{"x":0.01192364189773798,"y":-0.9637903571128845,"z":0.2639540135860443,"w":0.043798841536045077},"size":24.104766845703126,"orthographic":false}